{
  "model": "sapbert",
  "sso_swept_weights": {
    "nn": 0.75,
    "ne": 0.2,
    "nq": 0.5,
    "np": 0.05,
    "en": 0.2,
    "ee": 0.0,
    "eq": 0.0,
    "ep": 0.05,
    "ech": 0.4
  },
  "sso_swept": {
    "hits@1": 0.4077212806026365,
    "recall@1": 0.35171487551818054,
    "hits@5": 0.6836158192090396,
    "recall@5": 0.6112850087138116,
    "hits@10": 0.7382297551789078,
    "recall@10": 0.6734746916356951,
    "hits@20": 0.775894538606403,
    "recall@20": 0.715832997105942,
    "mrr": 0.5290075835284512,
    "p@1": 0.4077212806026365,
    "n": 2124
  },
  "ko_swept_weights": {
    "nn": 0.75,
    "ne": 0.0,
    "nq": 0.2,
    "np": 0.0,
    "en": 0.75,
    "ee": 0.0,
    "eq": 0.1,
    "ep": 0.0,
    "ech": 1.0
  },
  "ko_swept": {
    "hits@1": 0.5002103491796382,
    "recall@1": 0.37036071918219426,
    "hits@5": 0.726756415649979,
    "recall@5": 0.6103992470162598,
    "hits@10": 0.7566259991586033,
    "recall@10": 0.6494967084099391,
    "hits@20": 0.7717711400925537,
    "recall@20": 0.6715350588756184,
    "mrr": 0.6003143758569375,
    "p@1": 0.5002103491796382,
    "n": 4754
  }
}